{"is_source_file": false, "format": "", "description": "", "external_files": [], "external_methods": [], "published": [], "classes": [], "methods": [], "calls": [], "search-terms": [], "state": 2, "file_id": 4, "knowledge_revision": 16, "git_revision": "ea8f2518b3db3464674688ee638095420e10a720", "hash": "d2b40d02d5f7873d8a6713bad837edd4", "format-version": 4, "code-base-name": "portfolio_frontend", "filename": "portfolio_frontend/public/index.html", "revision_history": [{"16": "ea8f2518b3db3464674688ee638095420e10a720"}]}