{"is_source_file": true, "format": "JavaScript (React JSX)", "description": "The file 'App.js' is the main React component that renders the entire portfolio webpage. It manages state for theme, navigation, search, filtering, and section references. It includes logic for theme toggling, dynamic content rendering, section scrolling, and user interactions like contact form submission, as well as integrating external data and custom hooks.", "external_files": ["./portfolioData.js", "./useToast", "./App.css"], "external_methods": ["useToast()"], "published": ["App"], "classes": [], "methods": [{"name": "scrollToSection", "description": "Smoothly scrolls to a specified section by id, offsetting for sticky header."}, {"name": "onContactSubmit", "description": "Handles contact form submission; displays a toast message and resets the form."}, {"name": "toggleTheme", "description": "Switches the theme between light and dark modes."}, {"name": "App()", "scope": "", "scopeKind": "", "description": "unavailable"}], "calls": ["document.title = meta.siteTitle", "setTheme(stored)", "setTheme(prefersDark ? 'dark' : 'light')", "root.setAttribute('data-theme', theme)", "window.localStorage.setItem('theme', theme)", "observer.observe(el)", "observer.disconnect()", "pushToast({ title: ..., message: ... })", "window.scrollTo({ top: y, behavior: 'smooth' })"], "search-terms": ["React main component", "portfolio webpage", "theme toggle", "section scroll", "project filtering", "useToast hook", "section refs", "localStorage theme", "intersection observer"], "state": 2, "file_id": 8, "knowledge_revision": 39, "git_revision": "1314ab7d8e5354bc64de9ce2b9e735e6c57d4533", "revision_history": [{"25": "ea8f2518b3db3464674688ee638095420e10a720"}, {"30": "ea8f2518b3db3464674688ee638095420e10a720"}, {"39": "1314ab7d8e5354bc64de9ce2b9e735e6c57d4533"}], "ctags": [{"_type": "tag", "name": "App", "path": "/home/kavia/workspace/code-generation/modern-portfolio-website-318565-318574/portfolio_frontend/src/App.js", "pattern": "/^function App() {$/", "language": "JavaScript", "kind": "function", "signature": "()"}, {"_type": "tag", "name": "Switch to ${theme === \"dark\" ? \"light\" : \"dark\"} theme", "path": "/home/kavia/workspace/code-generation/modern-portfolio-website-318565-318574/portfolio_frontend/src/App.js", "pattern": "/^                aria-label={`Switch to ${theme === \"dark\" ? \"light\" : \"dark\"} theme`}$/", "language": "JavaScript", "kind": "field", "scope": "App.aria", "scopeKind": "class"}, {"_type": "tag", "name": "Switch to ${theme === \"dark\" ? \"light\" : \"dark\"} theme", "path": "/home/kavia/workspace/code-generation/modern-portfolio-website-318565-318574/portfolio_frontend/src/App.js", "pattern": "/^                title={`Switch to ${theme === \"dark\" ? \"light\" : \"dark\"} theme`}$/", "language": "JavaScript", "kind": "field", "scope": "App.title", "scopeKind": "class"}, {"_type": "tag", "name": "about", "path": "/home/kavia/workspace/code-generation/modern-portfolio-website-318565-318574/portfolio_frontend/src/App.js", "pattern": "/^    about: useRef(null),$/", "language": "JavaScript", "kind": "property", "scope": "App.refs", "scopeKind": "class"}, {"_type": "tag", "name": "contact", "path": "/home/kavia/workspace/code-generation/modern-portfolio-website-318565-318574/portfolio_frontend/src/App.js", "pattern": "/^    contact: useRef(null)$/", "language": "JavaScript", "kind": "property", "scope": "App.refs", "scopeKind": "class"}, {"_type": "tag", "name": "d", "path": "/home/kavia/workspace/code-generation/modern-portfolio-website-318565-318574/portfolio_frontend/src/App.js", "pattern": "/^  const InlineIcon = ({ d }) => ($/", "language": "JavaScript", "kind": "field", "scope": "App.InlineIcon", "scopeKind": "class"}, {"_type": "tag", "name": "href", "path": "/home/kavia/workspace/code-generation/modern-portfolio-website-318565-318574/portfolio_frontend/src/App.js", "pattern": "/^  const IconLink = ({ href, label, children }) => ($/", "language": "JavaScript", "kind": "field", "scope": "App.IconLink", "scopeKind": "class"}, {"_type": "tag", "name": "projects", "path": "/home/kavia/workspace/code-generation/modern-portfolio-website-318565-318574/portfolio_frontend/src/App.js", "pattern": "/^    projects: useRef(null),$/", "language": "JavaScript", "kind": "property", "scope": "App.refs", "scopeKind": "class"}, {"_type": "tag", "name": "query", "path": "/home/kavia/workspace/code-generation/modern-portfolio-website-318565-318574/portfolio_frontend/src/App.js", "pattern": "/^                value={query}$/", "language": "JavaScript", "kind": "field", "scope": "value", "scopeKind": "class"}, {"_type": "tag", "name": "refs", "path": "/home/kavia/workspace/code-generation/modern-portfolio-website-318565-318574/portfolio_frontend/src/App.js", "pattern": "/^  const refs = {$/", "language": "JavaScript", "kind": "class", "scope": "App", "scopeKind": "class"}, {"_type": "tag", "name": "skills", "path": "/home/kavia/workspace/code-generation/modern-portfolio-website-318565-318574/portfolio_frontend/src/App.js", "pattern": "/^    skills: useRef(null),$/", "language": "JavaScript", "kind": "property", "scope": "App.refs", "scopeKind": "class"}, {"_type": "tag", "name": "toggleTheme", "path": "/home/kavia/workspace/code-generation/modern-portfolio-website-318565-318574/portfolio_frontend/src/App.js", "pattern": "/^                onClick={toggleTheme}$/", "language": "JavaScript", "kind": "field", "scope": "App.onClick", "scopeKind": "class"}], "hash": "3b0719e1ccb136f49bd47cdc5b05fd8a", "format-version": 4, "code-base-name": "portfolio_frontend", "filename": "portfolio_frontend/src/App.js", "fields": [{"name": "aria-label={`Switch to ${theme === \"dark\" ? \"light\" : \"dark\"} theme`}", "scope": "App.aria", "scopeKind": "class", "description": "unavailable"}, {"name": "title={`Switch to ${theme === \"dark\" ? \"light\" : \"dark\"} theme`}", "scope": "App.title", "scopeKind": "class", "description": "unavailable"}, {"name": "about: useRef(null),", "scope": "App.refs", "scopeKind": "class", "description": "unavailable"}, {"name": "contact: useRef(null)", "scope": "App.refs", "scopeKind": "class", "description": "unavailable"}, {"name": "const InlineIcon = ({ d }) => (", "scope": "App.InlineIcon", "scopeKind": "class", "description": "unavailable"}, {"name": "const IconLink = ({ href, label, children }) => (", "scope": "App.IconLink", "scopeKind": "class", "description": "unavailable"}, {"name": "projects: useRef(null),", "scope": "App.refs", "scopeKind": "class", "description": "unavailable"}, {"name": "value={query}", "scope": "value", "scopeKind": "class", "description": "unavailable"}, {"name": "skills: useRef(null),", "scope": "App.refs", "scopeKind": "class", "description": "unavailable"}, {"name": "onClick={toggleTheme}", "scope": "App.onClick", "scopeKind": "class", "description": "unavailable"}]}