{"is_source_file": false, "format": "", "description": "", "external_files": [], "external_methods": [], "published": [], "classes": [], "methods": [], "calls": [], "search-terms": [], "state": 2, "file_id": 6, "knowledge_revision": 36, "git_revision": "bd91ae45552622e81aeaff11c0af34b56caf8046", "revision_history": [{"17": "ea8f2518b3db3464674688ee638095420e10a720"}, {"36": "bd91ae45552622e81aeaff11c0af34b56caf8046"}], "hash": "c998da1bcb7a4d78429f7a8b5c10b630", "format-version": 4, "code-base-name": "portfolio_frontend", "filename": "portfolio_frontend/package.json"}