{"is_source_file": true, "file_id": 14, "git_revision": "", "state": 1, "description": "", "external_files": [], "external_methods": [], "published": [], "classes": [], "methods": [], "calls": [], "search-terms": [], "ctags": [{"_type": "tag", "name": "useToast", "path": "/home/kavia/workspace/code-generation/modern-portfolio-website-318565-318574/portfolio_frontend/src/useToast.js", "pattern": "/^export function useToast() {$/", "language": "JavaScript", "kind": "function", "signature": "()"}], "format": "JavaScript", "hash": "10bea6d144ce14ed4b8f4bf981e307db", "format-version": 4, "code-base-name": "portfolio_frontend", "filename": "portfolio_frontend/src/useToast.js", "knowledge_revision": 29}