{"is_source_file": true, "format": "JavaScript", "description": "This file is the entry point for a React-based web application, responsible for setting up and rendering the root React component into the DOM.", "external_files": ["./index.css", "./App"], "external_methods": ["ReactDOM.createRoot", "root.render"], "published": [], "classes": [], "methods": [{"name": "ReactDOM.createRoot", "description": "Creates a root for rendering React components in the DOM."}, {"name": "root.render", "description": "Renders React elements into the root DOM node."}], "calls": ["ReactDOM.createRoot", "root.render", "<React.StrictMode>", "<App />"], "search-terms": ["React", "ReactDOM", "index.js", "render", "root", "App", "createRoot", "StrictMode"], "state": 2, "file_id": 7, "knowledge_revision": 22, "git_revision": "ea8f2518b3db3464674688ee638095420e10a720", "ctags": [{"_type": "tag", "name": "root", "path": "/home/kavia/workspace/code-generation/modern-portfolio-website-318565-318574/portfolio_frontend/src/index.js", "pattern": "/^const root = ReactDOM.createRoot(document.getElementById('root'));$/", "language": "JavaScript", "kind": "constant"}], "hash": "9fc5841375336fc175b49f8767a11383", "format-version": 4, "code-base-name": "portfolio_frontend", "filename": "portfolio_frontend/src/index.js", "revision_history": [{"22": "ea8f2518b3db3464674688ee638095420e10a720"}]}