{"is_source_file": true, "format": "JavaScript (React JSX)", "description": "This file defines a React functional component 'App' that manages a theme state ('light' or 'dark') and provides a button to toggle between themes. It applies the selected theme to the document and renders UI elements including an image, some text, and a link.", "external_files": ["./logo.svg", "./App.css"], "external_methods": ["document.documentElement.setAttribute"], "published": ["App"], "classes": [], "methods": [{"name": "App()", "description": "The main React functional component that manages theme state and renders UI.", "scope": "", "scopeKind": ""}, {"name": "toggleTheme", "description": "Function to toggle theme state between 'light' and 'dark'."}], "calls": ["React.useState", "React.useEffect", "document.documentElement.setAttribute"], "search-terms": ["React component", "theme toggle", "useState", "useEffect", "App.js", "light/dark theme", "CSS class 'App'", "logo.svg", "App.css"], "state": 3, "file_id": 8, "knowledge_revision": 25, "git_revision": "ea8f2518b3db3464674688ee638095420e10a720", "ctags": [{"_type": "tag", "name": "App", "path": "/home/kavia/workspace/code-generation/modern-portfolio-website-318565-318574/portfolio_frontend/src/App.js", "pattern": "/^function App() {$/", "language": "JavaScript", "kind": "function", "signature": "()"}, {"_type": "tag", "name": "Switch to ${theme === 'light' ? 'dark' : 'light'} mode", "path": "/home/kavia/workspace/code-generation/modern-portfolio-website-318565-318574/portfolio_frontend/src/App.js", "pattern": "/^          aria-label={`Switch to ${theme === 'light' ? 'dark' : 'light'} mode`}$/", "language": "JavaScript", "kind": "field", "scope": "App.aria", "scopeKind": "class"}, {"_type": "tag", "name": "toggleTheme", "path": "/home/kavia/workspace/code-generation/modern-portfolio-website-318565-318574/portfolio_frontend/src/App.js", "pattern": "/^          onClick={toggleTheme}$/", "language": "JavaScript", "kind": "field", "scope": "App.onClick", "scopeKind": "class"}], "hash": "b55dd9e6a018e59207d8e277dffd9e11", "format-version": 4, "code-base-name": "portfolio_frontend", "filename": "portfolio_frontend/src/App.js", "fields": [{"name": "aria-label={`Switch to ${theme === 'light' ? 'dark' : 'light'} mode`}", "scope": "App.aria", "scopeKind": "class", "description": "unavailable"}, {"name": "onClick={toggleTheme}", "scope": "App.onClick", "scopeKind": "class", "description": "unavailable"}], "revision_history": [{"25": "ea8f2518b3db3464674688ee638095420e10a720"}]}