{"is_source_file": false, "format": "", "description": "", "external_files": [], "external_methods": [], "published": [], "classes": [], "methods": [], "calls": [], "search-terms": [], "state": 2, "file_id": 2, "knowledge_revision": 32, "git_revision": "934dd88dab465dbde5b0fa00b6fb1a4e066bd533", "hash": "1f87f1043ef649fc642c06dddba7932e", "format-version": 4, "code-base-name": "portfolio_frontend", "filename": "portfolio_frontend/README.md", "revision_history": [{"32": "934dd88dab465dbde5b0fa00b6fb1a4e066bd533"}]}