{"is_source_file": true, "format": "JavaScript (React JSX)", "description": "This file defines the main React component for the portfolio website's frontend, including rendering of sections, navigation, project filtering, contact form, and UI interactions.", "external_files": ["./portfolioData", "./useToast", "./App.css"], "external_methods": ["useToast", "document.title", "window.scrollTo"], "published": ["App"], "classes": [], "methods": [{"name": "App()", "description": "Main React component rendering the portfolio website with sections, navigation, and interactions.", "scope": "", "scopeKind": ""}, {"name": "scrollToSection", "description": "Scrolls smoothly to a specified section by ID."}, {"name": "onContactSubmit", "description": "Handles contact form submission, providing UI feedback."}], "calls": ["useState", "useEffect", "useMemo", "useRef", "document.title", "window.scrollY", "window.scrollTo", "intersectionObserver", "pushToast", "setActiveSection", "setQuery", "setActiveTag", "refs[id]?.current", "refs[id].current.getBoundingClientRect", "observer.observe", "observer.disconnect", "filter", "map", "forEach", "sort", "filter(Boolean)", "trim", "includes", "join", "pushToast", "reset", "preventDefault", "setQuery", "setActiveTag"], "search-terms": ["React App", "Portfolio sections", "Project filtering", "Scroll navigation", "IntersectionObserver", "useToast hook", "React hooks", "UI components", "Portfolio data", "Contact form"], "state": 2, "file_id": 8, "knowledge_revision": 30, "git_revision": "ea8f2518b3db3464674688ee638095420e10a720", "revision_history": [{"25": "ea8f2518b3db3464674688ee638095420e10a720"}, {"30": "ea8f2518b3db3464674688ee638095420e10a720"}], "ctags": [{"_type": "tag", "name": "App", "path": "/home/kavia/workspace/code-generation/modern-portfolio-website-318565-318574/portfolio_frontend/src/App.js", "pattern": "/^function App() {$/", "language": "JavaScript", "kind": "function", "signature": "()"}, {"_type": "tag", "name": "about", "path": "/home/kavia/workspace/code-generation/modern-portfolio-website-318565-318574/portfolio_frontend/src/App.js", "pattern": "/^    about: useRef(null),$/", "language": "JavaScript", "kind": "property", "scope": "App.refs", "scopeKind": "class"}, {"_type": "tag", "name": "contact", "path": "/home/kavia/workspace/code-generation/modern-portfolio-website-318565-318574/portfolio_frontend/src/App.js", "pattern": "/^    contact: useRef(null)$/", "language": "JavaScript", "kind": "property", "scope": "App.refs", "scopeKind": "class"}, {"_type": "tag", "name": "d", "path": "/home/kavia/workspace/code-generation/modern-portfolio-website-318565-318574/portfolio_frontend/src/App.js", "pattern": "/^  const InlineIcon = ({ d }) => ($/", "language": "JavaScript", "kind": "field", "scope": "App.InlineIcon", "scopeKind": "class"}, {"_type": "tag", "name": "href", "path": "/home/kavia/workspace/code-generation/modern-portfolio-website-318565-318574/portfolio_frontend/src/App.js", "pattern": "/^  const IconLink = ({ href, label, children }) => ($/", "language": "JavaScript", "kind": "field", "scope": "App.IconLink", "scopeKind": "class"}, {"_type": "tag", "name": "projects", "path": "/home/kavia/workspace/code-generation/modern-portfolio-website-318565-318574/portfolio_frontend/src/App.js", "pattern": "/^    projects: useRef(null),$/", "language": "JavaScript", "kind": "property", "scope": "App.refs", "scopeKind": "class"}, {"_type": "tag", "name": "query", "path": "/home/kavia/workspace/code-generation/modern-portfolio-website-318565-318574/portfolio_frontend/src/App.js", "pattern": "/^                value={query}$/", "language": "JavaScript", "kind": "field", "scope": "App.value", "scopeKind": "class"}, {"_type": "tag", "name": "refs", "path": "/home/kavia/workspace/code-generation/modern-portfolio-website-318565-318574/portfolio_frontend/src/App.js", "pattern": "/^  const refs = {$/", "language": "JavaScript", "kind": "class", "scope": "App", "scopeKind": "class"}, {"_type": "tag", "name": "skills", "path": "/home/kavia/workspace/code-generation/modern-portfolio-website-318565-318574/portfolio_frontend/src/App.js", "pattern": "/^    skills: useRef(null),$/", "language": "JavaScript", "kind": "property", "scope": "App.refs", "scopeKind": "class"}], "hash": "39ad7aa2e180fc7e425d30179ac2846b", "format-version": 4, "code-base-name": "portfolio_frontend", "filename": "portfolio_frontend/src/App.js", "fields": [{"name": "about: useRef(null),", "scope": "App.refs", "scopeKind": "class", "description": "unavailable"}, {"name": "contact: useRef(null)", "scope": "App.refs", "scopeKind": "class", "description": "unavailable"}, {"name": "const InlineIcon = ({ d }) => (", "scope": "App.InlineIcon", "scopeKind": "class", "description": "unavailable"}, {"name": "const IconLink = ({ href, label, children }) => (", "scope": "App.IconLink", "scopeKind": "class", "description": "unavailable"}, {"name": "projects: useRef(null),", "scope": "App.refs", "scopeKind": "class", "description": "unavailable"}, {"name": "value={query}", "scope": "App.value", "scopeKind": "class", "description": "unavailable"}, {"name": "skills: useRef(null),", "scope": "App.refs", "scopeKind": "class", "description": "unavailable"}]}