{"is_source_file": true, "format": "JavaScript/ESM (ECMAScript Module)", "description": "This file is an ESLint configuration file written in JavaScript that sets linting rules, parser options, global variables, and plugin configurations for a frontend project.", "external_files": ["@eslint/js", "eslint-plugin-react"], "external_methods": ["pluginJs", "pluginReact", "pluginJs.configs.recommended"], "published": [], "classes": [], "methods": [{"name": "default", "description": "Exports an array of ESLint configuration objects that define linting rules, parser options, globals, and plugin configurations."}], "calls": ["pluginJs", "pluginReact", "pluginJs.configs.recommended"], "search-terms": ["eslint", "eslint.config.mjs", "JavaScript linting", "ESM configuration", "eslint plugins"], "state": 2, "file_id": 3, "knowledge_revision": 24, "git_revision": "ea8f2518b3db3464674688ee638095420e10a720", "hash": "be6538e7523bc2e9da0743133d784136", "format-version": 4, "code-base-name": "portfolio_frontend", "filename": "portfolio_frontend/eslint.config.mjs", "revision_history": [{"24": "ea8f2518b3db3464674688ee638095420e10a720"}]}