{"is_source_file": false, "format": "", "description": "", "external_files": [], "external_methods": [], "published": [], "classes": [], "methods": [], "calls": [], "search-terms": [], "state": 2, "file_id": 9, "knowledge_revision": 27, "git_revision": "ea8f2518b3db3464674688ee638095420e10a720", "hash": "6c92bf559e366988ac0d1d39fc6a9886", "format-version": 4, "code-base-name": "portfolio_frontend", "filename": "portfolio_frontend/src/index.css", "revision_history": [{"27": "ea8f2518b3db3464674688ee638095420e10a720"}]}