{"is_source_file": false, "format": "", "description": "", "external_files": [], "external_methods": [], "published": [], "classes": [], "methods": [], "calls": [], "search-terms": [], "state": 2, "file_id": 5, "knowledge_revision": 18, "git_revision": "ea8f2518b3db3464674688ee638095420e10a720", "hash": "d9d975cebe2ec20b6c652e1e4c12ccf0", "format-version": 4, "code-base-name": "portfolio_frontend", "filename": "portfolio_frontend/public/manifest.json", "revision_history": [{"18": "ea8f2518b3db3464674688ee638095420e10a720"}]}