{"is_source_file": false, "format": "", "description": "", "external_files": [], "external_methods": [], "published": [], "classes": [], "methods": [], "calls": [], "search-terms": [], "state": 2, "file_id": 2, "knowledge_revision": 15, "git_revision": "ea8f2518b3db3464674688ee638095420e10a720", "hash": "ebece526bc2eadd78ddd787a76c56607", "format-version": 4, "code-base-name": "portfolio_frontend", "filename": "portfolio_frontend/README.md", "revision_history": [{"15": "ea8f2518b3db3464674688ee638095420e10a720"}]}