{"is_source_file": false, "format": "", "description": "", "external_files": [], "external_methods": [], "published": [], "classes": [], "methods": [], "calls": [], "search-terms": [], "state": 2, "file_id": 9, "knowledge_revision": 37, "git_revision": "1314ab7d8e5354bc64de9ce2b9e735e6c57d4533", "revision_history": [{"27": "ea8f2518b3db3464674688ee638095420e10a720"}, {"37": "1314ab7d8e5354bc64de9ce2b9e735e6c57d4533"}], "hash": "57f299a079f952222ea8b9e8b2805bb7", "format-version": 4, "code-base-name": "portfolio_frontend", "filename": "portfolio_frontend/src/index.css"}