{"is_source_file": false, "format": "", "description": "", "external_files": [], "external_methods": [], "published": [], "classes": [], "methods": [], "calls": [], "search-terms": [], "state": 2, "file_id": 6, "knowledge_revision": 17, "git_revision": "ea8f2518b3db3464674688ee638095420e10a720", "hash": "d001d53c059625c4bcf75bf5a7f3fcf0", "format-version": 4, "code-base-name": "portfolio_frontend", "filename": "portfolio_frontend/package.json", "revision_history": [{"17": "ea8f2518b3db3464674688ee638095420e10a720"}]}