{"is_source_file": true, "format": "JavaScript", "description": "This file defines a custom React hook 'useToast' for managing toast notifications with automatic dismissal. It maintains a list of toasts, provides functions to add and remove toasts, and ensures only a limited number of toasts are displayed simultaneously.", "external_files": [], "external_methods": ["useCallback", "useMemo", "useState"], "published": ["useToast"], "classes": [], "methods": [{"name": "useToast()", "description": "Custom React hook providing toast notification management with automatic dismissal after a timeout.", "scope": "", "scopeKind": ""}], "calls": ["useState", "useCallback", "setTimeout"], "search-terms": ["useToast", "toast", "notification", "React hook", "auto-dismiss"], "state": 2, "file_id": 14, "knowledge_revision": 35, "git_revision": "934dd88dab465dbde5b0fa00b6fb1a4e066bd533", "ctags": [{"_type": "tag", "name": "useToast", "path": "/home/kavia/workspace/code-generation/modern-portfolio-website-318565-318574/portfolio_frontend/src/useToast.js", "pattern": "/^export function useToast() {$/", "language": "JavaScript", "kind": "function", "signature": "()"}], "hash": "10bea6d144ce14ed4b8f4bf981e307db", "format-version": 4, "code-base-name": "portfolio_frontend", "filename": "portfolio_frontend/src/useToast.js", "revision_history": [{"35": "934dd88dab465dbde5b0fa00b6fb1a4e066bd533"}]}