{"is_source_file": true, "format": "JavaScript", "description": "A setup file for configuring the Jest testing environment, specifically importing custom DOM matchers from jest-dom for testing React components.", "external_files": ["@testing-library/jest-dom"], "external_methods": [], "published": [], "classes": [], "methods": [], "calls": ["import '@testing-library/jest-dom'"], "search-terms": ["setupTests.js", "jest", "jest-dom", "testing-library", "React testing", "DOM matchers"], "state": 2, "file_id": 11, "knowledge_revision": 23, "git_revision": "ea8f2518b3db3464674688ee638095420e10a720", "ctags": [], "hash": "1a77571e1a8cf36018a41bcedf60db75", "format-version": 4, "code-base-name": "portfolio_frontend", "filename": "portfolio_frontend/src/setupTests.js", "revision_history": [{"23": "ea8f2518b3db3464674688ee638095420e10a720"}]}