{"is_source_file": false, "format": "", "description": "", "external_files": [], "external_methods": [], "published": [], "classes": [], "methods": [], "calls": [], "search-terms": [], "state": 2, "file_id": 12, "knowledge_revision": 28, "git_revision": "ea8f2518b3db3464674688ee638095420e10a720", "hash": "f203c83929bdb69228fd77e17fb2cde1", "format-version": 4, "code-base-name": "portfolio_frontend", "filename": "portfolio_frontend/src/App.css", "revision_history": [{"28": "ea8f2518b3db3464674688ee638095420e10a720"}]}