{"is_source_file": false, "format": "", "description": "", "external_files": [], "external_methods": [], "published": [], "classes": [], "methods": [], "calls": [], "search-terms": [], "state": 2, "file_id": 12, "knowledge_revision": 38, "git_revision": "1314ab7d8e5354bc64de9ce2b9e735e6c57d4533", "revision_history": [{"28": "ea8f2518b3db3464674688ee638095420e10a720"}, {"38": "1314ab7d8e5354bc64de9ce2b9e735e6c57d4533"}], "hash": "b0fb3b3cbc61ab55c421bc22c7c71be8", "format-version": 4, "code-base-name": "portfolio_frontend", "filename": "portfolio_frontend/src/App.css"}