{"is_source_file": true, "format": "JavaScript", "description": "This file serves as a central configuration and data store for a portfolio website, including profile info, skills, projects, and site metadata.", "external_files": [], "external_methods": [], "published": ["profile", "skills", "projects", "meta"], "classes": [], "methods": [], "calls": ["new Date().getFullYear()"], "search-terms": ["portfolioData", "profile", "skills", "projects", "meta", "React", "TypeScript", "Node.js"], "state": 2, "file_id": 13, "knowledge_revision": 33, "git_revision": "934dd88dab465dbde5b0fa00b6fb1a4e066bd533", "ctags": [{"_type": "tag", "name": "bio", "path": "/home/kavia/workspace/code-generation/modern-portfolio-website-318565-318574/portfolio_frontend/src/portfolioData.js", "pattern": "/^  bio: [$/", "language": "JavaScript", "kind": "property", "scope": "profile", "scopeKind": "class"}, {"_type": "tag", "name": "email", "path": "/home/kavia/workspace/code-generation/modern-portfolio-website-318565-318574/portfolio_frontend/src/portfolioData.js", "pattern": "/^    email: \"alex.morgan.dev@example.com\",$/", "language": "JavaScript", "kind": "property", "scope": "profile.links", "scopeKind": "class"}, {"_type": "tag", "name": "footerText", "path": "/home/kavia/workspace/code-generation/modern-portfolio-website-318565-318574/portfolio_frontend/src/portfolioData.js", "pattern": "/^  footerText: `\u00a9 ${new Date().getFullYear()} Alex Morgan. All rights reserved.`$/", "language": "JavaScript", "kind": "property", "scope": "meta", "scopeKind": "class"}, {"_type": "tag", "name": "github", "path": "/home/kavia/workspace/code-generation/modern-portfolio-website-318565-318574/portfolio_frontend/src/portfolioData.js", "pattern": "/^    github: \"https:\\/\\/github.com\\/example\",$/", "language": "JavaScript", "kind": "property", "scope": "profile.links", "scopeKind": "class"}, {"_type": "tag", "name": "linkedin", "path": "/home/kavia/workspace/code-generation/modern-portfolio-website-318565-318574/portfolio_frontend/src/portfolioData.js", "pattern": "/^    linkedin: \"https:\\/\\/www.linkedin.com\\/in\\/example\",$/", "language": "JavaScript", "kind": "property", "scope": "profile.links", "scopeKind": "class"}, {"_type": "tag", "name": "links", "path": "/home/kavia/workspace/code-generation/modern-portfolio-website-318565-318574/portfolio_frontend/src/portfolioData.js", "pattern": "/^  links: {$/", "language": "JavaScript", "kind": "class", "scope": "profile", "scopeKind": "class"}, {"_type": "tag", "name": "location", "path": "/home/kavia/workspace/code-generation/modern-portfolio-website-318565-318574/portfolio_frontend/src/portfolioData.js", "pattern": "/^  location: \"Austin, TX (Remote-friendly)\",$/", "language": "JavaScript", "kind": "property", "scope": "profile", "scopeKind": "class"}, {"_type": "tag", "name": "meta", "path": "/home/kavia/workspace/code-generation/modern-portfolio-website-318565-318574/portfolio_frontend/src/portfolioData.js", "pattern": "/^export const meta = {$/", "language": "JavaScript", "kind": "class"}, {"_type": "tag", "name": "name", "path": "/home/kavia/workspace/code-generation/modern-portfolio-website-318565-318574/portfolio_frontend/src/portfolioData.js", "pattern": "/^  name: \"Alex Morgan\",$/", "language": "JavaScript", "kind": "property", "scope": "profile", "scopeKind": "class"}, {"_type": "tag", "name": "profile", "path": "/home/kavia/workspace/code-generation/modern-portfolio-website-318565-318574/portfolio_frontend/src/portfolioData.js", "pattern": "/^export const profile = {$/", "language": "JavaScript", "kind": "class"}, {"_type": "tag", "name": "projects", "path": "/home/kavia/workspace/code-generation/modern-portfolio-website-318565-318574/portfolio_frontend/src/portfolioData.js", "pattern": "/^export const projects = [$/", "language": "JavaScript", "kind": "constant"}, {"_type": "tag", "name": "resume", "path": "/home/kavia/workspace/code-generation/modern-portfolio-website-318565-318574/portfolio_frontend/src/portfolioData.js", "pattern": "/^    resume: \"#\"$/", "language": "JavaScript", "kind": "property", "scope": "profile.links", "scopeKind": "class"}, {"_type": "tag", "name": "siteTitle", "path": "/home/kavia/workspace/code-generation/modern-portfolio-website-318565-318574/portfolio_frontend/src/portfolioData.js", "pattern": "/^  siteTitle: \"Alex Morgan \u2014 Portfolio\",$/", "language": "JavaScript", "kind": "property", "scope": "meta", "scopeKind": "class"}, {"_type": "tag", "name": "skills", "path": "/home/kavia/workspace/code-generation/modern-portfolio-website-318565-318574/portfolio_frontend/src/portfolioData.js", "pattern": "/^export const skills = [$/", "language": "JavaScript", "kind": "constant"}, {"_type": "tag", "name": "tagline", "path": "/home/kavia/workspace/code-generation/modern-portfolio-website-318565-318574/portfolio_frontend/src/portfolioData.js", "pattern": "/^  tagline: \"I build reliable web products with clean UX, strong performance, and pragmatic engin/", "language": "JavaScript", "kind": "property", "scope": "profile", "scopeKind": "class"}, {"_type": "tag", "name": "title", "path": "/home/kavia/workspace/code-generation/modern-portfolio-website-318565-318574/portfolio_frontend/src/portfolioData.js", "pattern": "/^  title: \"Full-Stack Software Engineer\",$/", "language": "JavaScript", "kind": "property", "scope": "profile", "scopeKind": "class"}], "hash": "d6e7075c3bde03cb2b2cce6d514b9a49", "format-version": 4, "code-base-name": "portfolio_frontend", "filename": "portfolio_frontend/src/portfolioData.js", "fields": [{"name": "bio: [", "scope": "profile", "scopeKind": "class", "description": "unavailable"}, {"name": "email: \"alex.morgan.dev@example.com\",", "scope": "profile.links", "scopeKind": "class", "description": "unavailable"}, {"name": "footerText: `\u00a9 ${new Date().getFullYear()} Alex Morgan. All rights reserved.`", "scope": "meta", "scopeKind": "class", "description": "unavailable"}, {"name": "github: \"https:\\/\\/github.com\\/example\",", "scope": "profile.links", "scopeKind": "class", "description": "unavailable"}, {"name": "linkedin: \"https:\\/\\/www.linkedin.com\\/in\\/example\",", "scope": "profile.links", "scopeKind": "class", "description": "unavailable"}, {"name": "location: \"Austin, TX (Remote-friendly)\",", "scope": "profile", "scopeKind": "class", "description": "unavailable"}, {"name": "name: \"Alex Morgan\",", "scope": "profile", "scopeKind": "class", "description": "unavailable"}, {"name": "resume: \"#\"", "scope": "profile.links", "scopeKind": "class", "description": "unavailable"}, {"name": "siteTitle: \"Alex Morgan \u2014 Portfolio\",", "scope": "meta", "scopeKind": "class", "description": "unavailable"}, {"name": "tagline: \"I build reliable web products with clean UX, strong performance, and pragmatic engin/", "scope": "profile", "scopeKind": "class", "description": "unavailable"}, {"name": "title: \"Full-Stack Software Engineer\",", "scope": "profile", "scopeKind": "class", "description": "unavailable"}], "revision_history": [{"33": "934dd88dab465dbde5b0fa00b6fb1a4e066bd533"}]}