{"is_source_file": false, "format": "", "description": "", "external_files": [], "external_methods": [], "published": [], "classes": [], "methods": [], "calls": [], "search-terms": [], "state": 2, "file_id": 1, "knowledge_revision": 34, "git_revision": "934dd88dab465dbde5b0fa00b6fb1a4e066bd533", "hash": "40db30db0a579e89280711e4dd60a1de", "format-version": 4, "code-base-name": "portfolio_frontend", "filename": "README.md", "revision_history": [{"34": "934dd88dab465dbde5b0fa00b6fb1a4e066bd533"}]}