{"is_source_file": false, "format": "", "description": "", "external_files": [], "external_methods": [], "published": [], "classes": [], "methods": [], "calls": [], "search-terms": ["modern-portfolio-website-318565-318574"], "state": 2, "file_id": 1, "knowledge_revision": 5, "git_revision": "ae40c2b861342ba6f6517d76bbb9056d5758a7f8", "hash": "1ad0d892b6504e402fdc50942454e39e", "format-version": 4, "code-base-name": "portfolio_frontend", "filename": "README.md", "revision_history": [{"5": "ae40c2b861342ba6f6517d76bbb9056d5758a7f8"}]}